Date.Full,Station.State,Data.Wind.Speed
,,
1/3/2016,AL,33
1/10/2016,AL,13.5
1/17/2016,AL,23
1/24/2016,AL,21.5
1/31/2016,AL,22
2/7/2016,AL,22.5
2/14/2016,AL,23
2/21/2016,AL,20
2/28/2016,AL,23
3/6/2016,AL,21.25
3/13/2016,AL,14.75
3/20/2016,AL,23
3/27/2016,AL,20.5
4/3/2016,AL,28.75
4/10/2016,AL,20.75
4/17/2016,AL,10.75
4/24/2016,AL,18
5/1/2016,AL,20
5/8/2016,AL,27.75
5/15/2016,AL,21
5/22/2016,AL,18.25
5/29/2016,AL,18.25
6/5/2016,AL,16
6/12/2016,AL,18.25
6/19/2016,AL,20.5
6/26/2016,AL,19.75
7/3/2016,AL,25.5
7/10/2016,AL,23
7/17/2016,AL,18.75
7/24/2016,AL,17
7/31/2016,AL,20.75
8/7/2016,AL,26
8/14/2016,AL,14.25
8/21/2016,AL,19.25
8/28/2016,AL,11.5
9/4/2016,AL,12.5
9/11/2016,AL,18.25
9/18/2016,AL,10.5
9/25/2016,AL,14.75
10/2/2016,AL,23.75
10/9/2016,AL,10.5
10/16/2016,AL,9.75
10/23/2016,AL,22.75
10/30/2016,AL,16.5
11/6/2016,AL,13.25
11/13/2016,AL,16.5
11/20/2016,AL,23.5
11/27/2016,AL,18.75
12/4/2016,AL,17.25
12/11/2016,AL,20.25
12/18/2016,AL,18.75
12/25/2016,AL,15.75
1/1/2017,AL,22
1/3/2016,AK,10.580645161290322
1/10/2016,AK,14.258064516129032
1/17/2016,AK,11.161290322580646
1/24/2016,AK,11.774193548387096
1/31/2016,AK,13.516129032258064
2/7/2016,AK,12.419354838709678
2/14/2016,AK,12.451612903225806
2/21/2016,AK,15.290322580645162
2/28/2016,AK,10.03225806451613
3/6/2016,AK,12.969696969696969
3/13/2016,AK,14.75
3/20/2016,AK,14.6875
3/27/2016,AK,14.3125
4/3/2016,AK,14.06060606060606
4/10/2016,AK,13.484848484848484
4/17/2016,AK,13.666666666666666
4/24/2016,AK,13.818181818181818
5/1/2016,AK,14.545454545454545
5/8/2016,AK,15.969696969696969
5/15/2016,AK,18.242424242424242
5/22/2016,AK,17.666666666666668
5/29/2016,AK,18.939393939393938
6/5/2016,AK,17.727272727272727
6/12/2016,AK,19.09375
6/19/2016,AK,19.6875
6/26/2016,AK,18.3125
7/3/2016,AK,18.28125
7/10/2016,AK,19.90625
7/17/2016,AK,20.78125
7/24/2016,AK,19.8125
7/31/2016,AK,17.65625
8/7/2016,AK,16.575757575757574
8/14/2016,AK,14.454545454545455
8/21/2016,AK,17.575757575757574
8/28/2016,AK,17.90909090909091
9/4/2016,AK,16.848484848484848
9/11/2016,AK,17.09375
9/18/2016,AK,15.5625
9/25/2016,AK,16.53125
10/2/2016,AK,14.181818181818182
10/9/2016,AK,15.909090909090908
10/16/2016,AK,12.242424242424242
10/23/2016,AK,16.242424242424242
10/30/2016,AK,15.484848484848484
11/6/2016,AK,12.93939393939394
11/13/2016,AK,13.4375
11/20/2016,AK,15.71875
11/27/2016,AK,14.90625
12/4/2016,AK,17.91176470588235
12/11/2016,AK,13.470588235294118
12/18/2016,AK,14.147058823529411
12/25/2016,AK,14.911764705882353
1/1/2017,AK,17.058823529411764
1/3/2016,AZ,12.4
1/10/2016,AZ,18.6
1/17/2016,AZ,16.6
1/24/2016,AZ,16.2
1/31/2016,AZ,14.8
2/7/2016,AZ,17.6
2/14/2016,AZ,12.2
2/21/2016,AZ,15.2
2/28/2016,AZ,17.4
3/6/2016,AZ,18.6
3/13/2016,AZ,19.8
3/20/2016,AZ,22.2
3/27/2016,AZ,22.6
4/3/2016,AZ,13.8
4/10/2016,AZ,17.8
4/17/2016,AZ,24.2
4/24/2016,AZ,20
5/1/2016,AZ,16.2
5/8/2016,AZ,17.4
5/15/2016,AZ,22
5/22/2016,AZ,20.6
5/29/2016,AZ,21.8
6/5/2016,AZ,25.2
6/12/2016,AZ,21.8
6/19/2016,AZ,21.6
6/26/2016,AZ,20.2
7/3/2016,AZ,21
7/10/2016,AZ,22.8
7/17/2016,AZ,24
7/24/2016,AZ,20
7/31/2016,AZ,18.8
8/7/2016,AZ,16.8
8/14/2016,AZ,19.6
8/21/2016,AZ,19.8
8/28/2016,AZ,18.8
9/4/2016,AZ,17.6
9/11/2016,AZ,20.4
9/18/2016,AZ,17.8
9/25/2016,AZ,21.2
10/2/2016,AZ,17.4
10/9/2016,AZ,16.6
10/16/2016,AZ,15.2
10/23/2016,AZ,15.2
10/30/2016,AZ,14.4
11/6/2016,AZ,17.2
11/13/2016,AZ,12.8
11/20/2016,AZ,15.4
11/27/2016,AZ,17.6
12/4/2016,AZ,15.2
12/11/2016,AZ,15.2
12/18/2016,AZ,19.2
12/25/2016,AZ,15.6
1/1/2017,AZ,16
1/3/2016,AR,18.666666666666668
1/10/2016,AR,12
1/17/2016,AR,16.333333333333332
1/24/2016,AR,6.666666666666667
1/31/2016,AR,15.333333333333334
2/7/2016,AR,13.666666666666666
2/14/2016,AR,13.666666666666666
2/21/2016,AR,14.666666666666666
2/28/2016,AR,12.333333333333334
3/6/2016,AR,13.333333333333334
3/13/2016,AR,6.333333333333333
3/20/2016,AR,15
3/27/2016,AR,12.666666666666666
4/3/2016,AR,17.666666666666668
4/10/2016,AR,14
4/17/2016,AR,7.333333333333333
4/24/2016,AR,13
5/1/2016,AR,20
5/8/2016,AR,16.666666666666668
5/15/2016,AR,12.666666666666666
5/22/2016,AR,4.666666666666667
5/29/2016,AR,9.666666666666666
6/5/2016,AR,13.333333333333334
6/12/2016,AR,11.333333333333334
6/19/2016,AR,10
6/26/2016,AR,12.666666666666666
7/3/2016,AR,8.666666666666666
7/10/2016,AR,11.333333333333334
7/17/2016,AR,9.333333333333334
7/24/2016,AR,8.333333333333334
7/31/2016,AR,9.666666666666666
8/7/2016,AR,11.666666666666666
8/14/2016,AR,5.666666666666667
8/21/2016,AR,12.333333333333334
8/28/2016,AR,8.666666666666666
9/4/2016,AR,5
9/11/2016,AR,12
9/18/2016,AR,9.333333333333334
9/25/2016,AR,7.666666666666667
10/2/2016,AR,17
10/9/2016,AR,10
10/16/2016,AR,8
10/23/2016,AR,14
10/30/2016,AR,12
11/6/2016,AR,9.666666666666666
11/13/2016,AR,12
11/20/2016,AR,12.666666666666666
11/27/2016,AR,10.333333333333334
12/4/2016,AR,10.333333333333334
12/11/2016,AR,12.333333333333334
12/18/2016,AR,14.666666666666666
12/25/2016,AR,7.333333333333333
1/1/2017,AR,13.666666666666666
1/3/2016,CA,19.63157894736842
1/10/2016,CA,17.105263157894736
1/17/2016,CA,17.842105263157894
1/24/2016,CA,20.210526315789473
1/31/2016,CA,20.42105263157895
2/7/2016,CA,19.894736842105264
2/14/2016,CA,20.526315789473685
2/21/2016,CA,19.789473684210527
2/28/2016,CA,22.105263157894736
3/6/2016,CA,20
3/13/2016,CA,20.210526315789473
3/20/2016,CA,23.473684210526315
3/27/2016,CA,24.473684210526315
4/3/2016,CA,23.789473684210527
4/10/2016,CA,22.94736842105263
4/17/2016,CA,24.42105263157895
4/24/2016,CA,23.68421052631579
5/1/2016,CA,24
5/8/2016,CA,23.36842105263158
5/15/2016,CA,24.157894736842106
5/22/2016,CA,25
5/29/2016,CA,25.473684210526315
6/5/2016,CA,26.105263157894736
6/12/2016,CA,23.31578947368421
6/19/2016,CA,23.94736842105263
6/26/2016,CA,24.736842105263158
7/3/2016,CA,22.894736842105264
7/10/2016,CA,23.94736842105263
7/17/2016,CA,24.473684210526315
7/24/2016,CA,23.736842105263158
7/31/2016,CA,24.42105263157895
8/7/2016,CA,23.736842105263158
8/14/2016,CA,24.157894736842106
8/21/2016,CA,24.263157894736842
8/28/2016,CA,23.68421052631579
9/4/2016,CA,22.736842105263158
9/11/2016,CA,25.210526315789473
9/18/2016,CA,22.68421052631579
9/25/2016,CA,23.57894736842105
10/2/2016,CA,24.526315789473685
10/9/2016,CA,23.736842105263158
10/16/2016,CA,21.789473684210527
10/23/2016,CA,22.894736842105264
10/30/2016,CA,19.842105263157894
11/6/2016,CA,21.894736842105264
11/13/2016,CA,21.333333333333332
11/20/2016,CA,20.166666666666668
11/27/2016,CA,20.833333333333332
12/4/2016,CA,20.666666666666668
12/11/2016,CA,21.38888888888889
12/18/2016,CA,21.5
12/25/2016,CA,17.72222222222222
1/1/2017,CA,19
1/3/2016,CO,19
1/10/2016,CO,17.166666666666668
1/17/2016,CO,18.666666666666668
1/24/2016,CO,21.166666666666668
1/31/2016,CO,17.833333333333332
2/7/2016,CO,15.5
2/14/2016,CO,19.333333333333332
2/21/2016,CO,17.5
2/28/2016,CO,19.833333333333332
3/6/2016,CO,18.166666666666668
3/13/2016,CO,19.5
3/20/2016,CO,21.833333333333332
3/27/2016,CO,20.666666666666668
4/3/2016,CO,20.333333333333332
4/10/2016,CO,18.166666666666668
4/17/2016,CO,20.166666666666668
4/24/2016,CO,18.666666666666668
5/1/2016,CO,17.333333333333332
5/8/2016,CO,18.833333333333332
5/15/2016,CO,17
5/22/2016,CO,16.833333333333332
5/29/2016,CO,20.166666666666668
6/5/2016,CO,15
6/12/2016,CO,16.333333333333332
6/19/2016,CO,16.166666666666668
6/26/2016,CO,17.666666666666668
7/3/2016,CO,21.333333333333332
7/10/2016,CO,19
7/17/2016,CO,15.5
7/24/2016,CO,20.333333333333332
7/31/2016,CO,16.5
8/7/2016,CO,15.833333333333334
8/14/2016,CO,18.166666666666668
8/21/2016,CO,19.833333333333332
8/28/2016,CO,19.333333333333332
9/4/2016,CO,17.833333333333332
9/11/2016,CO,17
9/18/2016,CO,19.166666666666668
9/25/2016,CO,19.833333333333332
10/2/2016,CO,15.166666666666666
10/9/2016,CO,19.5
10/16/2016,CO,19.666666666666668
10/23/2016,CO,17
10/30/2016,CO,18.166666666666668
11/6/2016,CO,17.833333333333332
11/13/2016,CO,17.833333333333332
11/20/2016,CO,16.333333333333332
11/27/2016,CO,22.166666666666668
12/4/2016,CO,15.666666666666666
12/11/2016,CO,16.333333333333332
12/18/2016,CO,16.166666666666668
12/25/2016,CO,17.166666666666668
1/1/2017,CO,17.166666666666668
1/3/2016,CT,25.5
1/10/2016,CT,21
1/17/2016,CT,24
1/24/2016,CT,26.5
1/31/2016,CT,23
2/7/2016,CT,24
2/14/2016,CT,20.5
2/21/2016,CT,23.5
2/28/2016,CT,19
3/6/2016,CT,18
3/13/2016,CT,23
3/20/2016,CT,17.5
3/27/2016,CT,19
4/3/2016,CT,22.5
4/10/2016,CT,20.5
4/17/2016,CT,14
4/24/2016,CT,24
5/1/2016,CT,13
5/8/2016,CT,10
5/15/2016,CT,21
5/22/2016,CT,18
5/29/2016,CT,20
6/5/2016,CT,14.5
6/12/2016,CT,25.5
6/19/2016,CT,21
6/26/2016,CT,18.5
7/3/2016,CT,23.5
7/10/2016,CT,17.5
7/17/2016,CT,22.5
7/24/2016,CT,25.5
7/31/2016,CT,17.5
8/7/2016,CT,16.5
8/14/2016,CT,20.5
8/21/2016,CT,21
8/28/2016,CT,22
9/4/2016,CT,13.5
9/11/2016,CT,13
9/18/2016,CT,18
9/25/2016,CT,21
10/2/2016,CT,20
10/9/2016,CT,12.5
10/16/2016,CT,23.5
10/23/2016,CT,19.5
10/30/2016,CT,25.5
11/6/2016,CT,25.5
11/13/2016,CT,25.5
11/20/2016,CT,26.5
11/27/2016,CT,27
12/4/2016,CT,29.5
12/11/2016,CT,22
12/18/2016,CT,24
12/25/2016,CT,27.5
1/1/2017,CT,24
1/3/2016,DE,28
1/10/2016,DE,22
1/17/2016,DE,26
1/24/2016,DE,22
1/31/2016,DE,23
2/7/2016,DE,19
2/14/2016,DE,21
2/21/2016,DE,18
2/28/2016,DE,18
3/6/2016,DE,19
3/13/2016,DE,19
3/20/2016,DE,16
3/27/2016,DE,18
4/3/2016,DE,26
4/10/2016,DE,26
4/17/2016,DE,15
4/24/2016,DE,27
5/1/2016,DE,10
5/8/2016,DE,9
5/15/2016,DE,20
5/22/2016,DE,15
5/29/2016,DE,18
6/5/2016,DE,15
6/12/2016,DE,28
6/19/2016,DE,20
6/26/2016,DE,19
7/3/2016,DE,24
7/10/2016,DE,23
7/17/2016,DE,23
7/24/2016,DE,21
7/31/2016,DE,15
8/7/2016,DE,16
8/14/2016,DE,19
8/21/2016,DE,24
8/28/2016,DE,22
9/4/2016,DE,10
9/11/2016,DE,28
9/18/2016,DE,15
9/25/2016,DE,17
10/2/2016,DE,5
10/9/2016,DE,13
10/16/2016,DE,21
10/23/2016,DE,22
10/30/2016,DE,26
11/6/2016,DE,26
11/13/2016,DE,30
11/20/2016,DE,28
11/27/2016,DE,27
12/4/2016,DE,29
12/11/2016,DE,23
12/18/2016,DE,25
12/25/2016,DE,29
1/1/2017,DE,23
1/3/2016,FL,26.75
1/10/2016,FL,16.166666666666668
1/17/2016,FL,22.333333333333332
1/24/2016,FL,23.166666666666668
1/31/2016,FL,18
2/7/2016,FL,19.666666666666668
2/14/2016,FL,23.416666666666668
2/21/2016,FL,13.916666666666666
2/28/2016,FL,22.083333333333332
3/6/2016,FL,21.666666666666668
3/13/2016,FL,12.666666666666666
3/20/2016,FL,22.25
3/27/2016,FL,16.583333333333332
4/3/2016,FL,21.333333333333332
4/10/2016,FL,18.583333333333332
4/17/2016,FL,9.833333333333334
4/24/2016,FL,12.833333333333334
5/1/2016,FL,12.333333333333334
5/8/2016,FL,24.333333333333332
5/15/2016,FL,15.583333333333334
5/22/2016,FL,19.5
5/29/2016,FL,10.916666666666666
6/5/2016,FL,13.916666666666666
6/12/2016,FL,17.583333333333332
6/19/2016,FL,19.833333333333332
6/26/2016,FL,12.916666666666666
7/3/2016,FL,18.166666666666668
7/10/2016,FL,18.5
7/17/2016,FL,13.916666666666666
7/24/2016,FL,10.833333333333334
7/31/2016,FL,15.5
8/7/2016,FL,17.333333333333332
8/14/2016,FL,13.833333333333334
8/21/2016,FL,13.25
8/28/2016,FL,8.166666666666666
9/4/2016,FL,15
9/11/2016,FL,8.5
9/18/2016,FL,12.083333333333334
9/25/2016,FL,14.666666666666666
10/2/2016,FL,10.083333333333334
10/9/2016,FL,12.083333333333334
10/16/2016,FL,4.666666666666667
10/23/2016,FL,14.333333333333334
10/30/2016,FL,7
11/6/2016,FL,7.916666666666667
11/13/2016,FL,12
11/20/2016,FL,21.5
11/27/2016,FL,14.333333333333334
12/4/2016,FL,13.916666666666666
12/11/2016,FL,17.5
12/18/2016,FL,19.75
12/25/2016,FL,12.333333333333334
1/1/2017,FL,17.75
1/3/2016,GA,30.833333333333332
1/10/2016,GA,11.833333333333334
1/17/2016,GA,26
1/24/2016,GA,21.5
1/31/2016,GA,21.333333333333332
2/7/2016,GA,21.5
2/14/2016,GA,25.166666666666668
2/21/2016,GA,18.5
2/28/2016,GA,23.166666666666668
3/6/2016,GA,23.5
3/13/2016,GA,16.5
3/20/2016,GA,24.666666666666668
3/27/2016,GA,19.5
4/3/2016,GA,26.333333333333332
4/10/2016,GA,21.333333333333332
4/17/2016,GA,10.166666666666666
4/24/2016,GA,17.333333333333332
5/1/2016,GA,19.333333333333332
5/8/2016,GA,27.166666666666668
5/15/2016,GA,24.666666666666668
5/22/2016,GA,16.833333333333332
5/29/2016,GA,15.666666666666666
6/5/2016,GA,16.833333333333332
6/12/2016,GA,21.166666666666668
6/19/2016,GA,20
6/26/2016,GA,20
7/3/2016,GA,21.5
7/10/2016,GA,25
7/17/2016,GA,21
7/24/2016,GA,19.5
7/31/2016,GA,22.5
8/7/2016,GA,18.666666666666668
8/14/2016,GA,13.666666666666666
8/21/2016,GA,20.333333333333332
8/28/2016,GA,10.166666666666666
9/4/2016,GA,11.166666666666666
9/11/2016,GA,19
9/18/2016,GA,9.333333333333334
9/25/2016,GA,15.666666666666666
10/2/2016,GA,23.166666666666668
10/9/2016,GA,10.666666666666666
10/16/2016,GA,10.166666666666666
10/23/2016,GA,20.666666666666668
10/30/2016,GA,17.666666666666668
11/6/2016,GA,13.333333333333334
11/13/2016,GA,14.333333333333334
11/20/2016,GA,27.333333333333332
11/27/2016,GA,20
12/4/2016,GA,19.5
12/11/2016,GA,19.166666666666668
12/18/2016,GA,21.5
12/25/2016,GA,17.333333333333332
1/1/2017,GA,21.333333333333332
1/3/2016,HI,16.8
1/10/2016,HI,16
1/17/2016,HI,15.8
1/24/2016,HI,15.4
1/31/2016,HI,15
2/7/2016,HI,12.6
2/14/2016,HI,12.6
2/21/2016,HI,12.6
2/28/2016,HI,19.2
3/6/2016,HI,21
3/13/2016,HI,12.8
3/20/2016,HI,12.6
3/27/2016,HI,15.2
4/3/2016,HI,8.6
4/10/2016,HI,9
4/17/2016,HI,7.6
4/24/2016,HI,8.8
5/1/2016,HI,4.2
5/8/2016,HI,9.6
5/15/2016,HI,7.2
5/22/2016,HI,8.2
5/29/2016,HI,9
6/5/2016,HI,7.2
6/12/2016,HI,8.6
6/19/2016,HI,7
6/26/2016,HI,5
7/3/2016,HI,8
7/10/2016,HI,6.6
7/17/2016,HI,7.8
7/24/2016,HI,10
7/31/2016,HI,9.6
8/7/2016,HI,7.8
8/14/2016,HI,6.4
8/21/2016,HI,6.8
8/28/2016,HI,9.6
9/4/2016,HI,8
9/11/2016,HI,6.8
9/18/2016,HI,7.6
9/25/2016,HI,8.4
10/2/2016,HI,7.8
10/9/2016,HI,9
10/16/2016,HI,7.2
10/23/2016,HI,8.2
10/30/2016,HI,8.6
11/6/2016,HI,6.8
11/13/2016,HI,14
11/20/2016,HI,8.2
11/27/2016,HI,9.2
12/4/2016,HI,15.2
12/11/2016,HI,18.4
12/18/2016,HI,18.4
12/25/2016,HI,7.2
1/1/2017,HI,9.2
1/3/2016,ID,9
1/10/2016,ID,16.333333333333332
1/17/2016,ID,14
1/24/2016,ID,15
1/31/2016,ID,15
2/7/2016,ID,19.333333333333332
2/14/2016,ID,14.333333333333334
2/21/2016,ID,19
2/28/2016,ID,16.666666666666668
3/6/2016,ID,14
3/13/2016,ID,15.666666666666666
3/20/2016,ID,17.666666666666668
3/27/2016,ID,19.666666666666668
4/3/2016,ID,19.666666666666668
4/10/2016,ID,18.333333333333332
4/17/2016,ID,19
4/24/2016,ID,19.666666666666668
5/1/2016,ID,20
5/8/2016,ID,19.333333333333332
5/15/2016,ID,19.333333333333332
5/22/2016,ID,25.666666666666668
5/29/2016,ID,22
6/5/2016,ID,17.333333333333332
6/12/2016,ID,22.666666666666668
6/19/2016,ID,21
6/26/2016,ID,23
7/3/2016,ID,23.333333333333332
7/10/2016,ID,23.666666666666668
7/17/2016,ID,19.666666666666668
7/24/2016,ID,27
7/31/2016,ID,25.666666666666668
8/7/2016,ID,20.333333333333332
8/14/2016,ID,20.666666666666668
8/21/2016,ID,20.666666666666668
8/28/2016,ID,21
9/4/2016,ID,26
9/11/2016,ID,22
9/18/2016,ID,15.666666666666666
9/25/2016,ID,23
10/2/2016,ID,26.666666666666668
10/9/2016,ID,17.333333333333332
10/16/2016,ID,18.666666666666668
10/23/2016,ID,16.333333333333332
10/30/2016,ID,16.666666666666668
11/6/2016,ID,11
11/13/2016,ID,11.333333333333334
11/20/2016,ID,17
11/27/2016,ID,16.333333333333332
12/4/2016,ID,20
12/11/2016,ID,19
12/18/2016,ID,21.666666666666668
12/25/2016,ID,18.333333333333332
1/1/2017,ID,16.333333333333332
1/3/2016,IL,27.833333333333332
1/10/2016,IL,21.833333333333332
1/17/2016,IL,25.166666666666668
1/24/2016,IL,18.666666666666668
1/31/2016,IL,22.5
2/7/2016,IL,21
2/14/2016,IL,25
2/21/2016,IL,17.833333333333332
2/28/2016,IL,20.333333333333332
3/6/2016,IL,18.333333333333332
3/13/2016,IL,16
3/20/2016,IL,23.833333333333332
3/27/2016,IL,19
4/3/2016,IL,26.666666666666668
4/10/2016,IL,19.5
4/17/2016,IL,13.666666666666666
4/24/2016,IL,13.5
5/1/2016,IL,14.333333333333334
5/8/2016,IL,23
5/15/2016,IL,21.333333333333332
5/22/2016,IL,11
5/29/2016,IL,19.166666666666668
6/5/2016,IL,23.5
6/12/2016,IL,21.833333333333332
6/19/2016,IL,16.5
6/26/2016,IL,20
7/3/2016,IL,11.833333333333334
7/10/2016,IL,18.833333333333332
7/17/2016,IL,21.166666666666668
7/24/2016,IL,18.666666666666668
7/31/2016,IL,16.333333333333332
8/7/2016,IL,16.166666666666668
8/14/2016,IL,17.833333333333332
8/21/2016,IL,21.166666666666668
8/28/2016,IL,16.666666666666668
9/4/2016,IL,8.333333333333334
9/11/2016,IL,21
9/18/2016,IL,18
9/25/2016,IL,14.333333333333334
10/2/2016,IL,26.5
10/9/2016,IL,18.166666666666668
10/16/2016,IL,18.166666666666668
10/23/2016,IL,22.333333333333332
10/30/2016,IL,15.166666666666666
11/6/2016,IL,18.833333333333332
11/13/2016,IL,21.666666666666668
11/20/2016,IL,22.833333333333332
11/27/2016,IL,18.5
12/4/2016,IL,21.666666666666668
12/11/2016,IL,23.5
12/18/2016,IL,26
12/25/2016,IL,19
1/1/2017,IL,24.333333333333332
1/3/2016,IN,26.25
1/10/2016,IN,19.25
1/17/2016,IN,23.75
1/24/2016,IN,17.75
1/31/2016,IN,23.25
2/7/2016,IN,21.5
2/14/2016,IN,24.75
2/21/2016,IN,20.5
2/28/2016,IN,16.75
3/6/2016,IN,20.75
3/13/2016,IN,16.5
3/20/2016,IN,22.5
3/27/2016,IN,22
4/3/2016,IN,25.75
4/10/2016,IN,24.25
4/17/2016,IN,12.75
4/24/2016,IN,17.5
5/1/2016,IN,14.5
5/8/2016,IN,26.25
5/15/2016,IN,21
5/22/2016,IN,17.75
5/29/2016,IN,18.5
6/5/2016,IN,22.75
6/12/2016,IN,25
6/19/2016,IN,15
6/26/2016,IN,20.25
7/3/2016,IN,17.5
7/10/2016,IN,22.25
7/17/2016,IN,22
7/24/2016,IN,22
7/31/2016,IN,20.75
8/7/2016,IN,19.25
8/14/2016,IN,18.5
8/21/2016,IN,21.5
8/28/2016,IN,16.5
9/4/2016,IN,5.75
9/11/2016,IN,21
9/18/2016,IN,16.25
9/25/2016,IN,15.25
10/2/2016,IN,21.75
10/9/2016,IN,16.75
10/16/2016,IN,18
10/23/2016,IN,21.25
10/30/2016,IN,21.25
11/6/2016,IN,20.75
11/13/2016,IN,22.5
11/20/2016,IN,23.25
11/27/2016,IN,15.25
12/4/2016,IN,21.75
12/11/2016,IN,23.5
12/18/2016,IN,25.75
12/25/2016,IN,18.5
1/1/2017,IN,23.25
1/3/2016,IA,28.8
1/10/2016,IA,20.4
1/17/2016,IA,26
1/24/2016,IA,14.2
1/31/2016,IA,24.2
2/7/2016,IA,20.2
2/14/2016,IA,24.2
2/21/2016,IA,22.4
2/28/2016,IA,22.8
3/6/2016,IA,19
3/13/2016,IA,18.8
3/20/2016,IA,26
3/27/2016,IA,15.4
4/3/2016,IA,28.8
4/10/2016,IA,23.4
4/17/2016,IA,17.4
4/24/2016,IA,17
5/1/2016,IA,3.6
5/8/2016,IA,21.6
5/15/2016,IA,21.4
5/22/2016,IA,14.8
5/29/2016,IA,19.2
6/5/2016,IA,25.8
6/12/2016,IA,20.6
6/19/2016,IA,14.6
6/26/2016,IA,21.8
7/3/2016,IA,11.8
7/10/2016,IA,18.4
7/17/2016,IA,22.6
7/24/2016,IA,18.6
7/31/2016,IA,17.4
8/7/2016,IA,18
8/14/2016,IA,19.8
8/21/2016,IA,20
8/28/2016,IA,17.6
9/4/2016,IA,11.4
9/11/2016,IA,20.4
9/18/2016,IA,18.4
9/25/2016,IA,13.8
10/2/2016,IA,15.2
10/9/2016,IA,18.8
10/16/2016,IA,19.6
10/23/2016,IA,26.4
10/30/2016,IA,14
11/6/2016,IA,15.6
11/13/2016,IA,22.2
11/20/2016,IA,24.2
11/27/2016,IA,19
12/4/2016,IA,23.4
12/11/2016,IA,24
12/18/2016,IA,25.2
12/25/2016,IA,18.8
1/1/2017,IA,25.6
1/3/2016,KS,29.666666666666668
1/10/2016,KS,20.833333333333332
1/17/2016,KS,23.333333333333332
1/24/2016,KS,17.166666666666668
1/31/2016,KS,26.666666666666668
2/7/2016,KS,24.5
2/14/2016,KS,20.5
2/21/2016,KS,21.833333333333332
2/28/2016,KS,23.5
3/6/2016,KS,23.333333333333332
3/13/2016,KS,15.833333333333334
3/20/2016,KS,24.666666666666668
3/27/2016,KS,24.5
4/3/2016,KS,28
4/10/2016,KS,21
4/17/2016,KS,13.666666666666666
4/24/2016,KS,21.5
5/1/2016,KS,33.333333333333336
5/8/2016,KS,23
5/15/2016,KS,19.166666666666668
5/22/2016,KS,12
5/29/2016,KS,15.5
6/5/2016,KS,22.5
6/12/2016,KS,16.666666666666668
6/19/2016,KS,15.5
6/26/2016,KS,16.833333333333332
7/3/2016,KS,9
7/10/2016,KS,15.5
7/17/2016,KS,13.333333333333334
7/24/2016,KS,16.333333333333332
7/31/2016,KS,10.666666666666666
8/7/2016,KS,12.666666666666666
8/14/2016,KS,15.5
8/21/2016,KS,19.833333333333332
8/28/2016,KS,13.666666666666666
9/4/2016,KS,12.5
9/11/2016,KS,18.833333333333332
9/18/2016,KS,15.333333333333334
9/25/2016,KS,18.5
10/2/2016,KS,11.666666666666666
10/9/2016,KS,17.666666666666668
10/16/2016,KS,15.666666666666666
10/23/2016,KS,18.666666666666668
10/30/2016,KS,17.5
11/6/2016,KS,17.333333333333332
11/13/2016,KS,19.5
11/20/2016,KS,23.333333333333332
11/27/2016,KS,21
12/4/2016,KS,14.833333333333334
12/11/2016,KS,23.666666666666668
12/18/2016,KS,16.833333333333332
12/25/2016,KS,19.333333333333332
1/1/2017,KS,22.333333333333332
1/3/2016,KY,25.8
1/10/2016,KY,18.2
1/17/2016,KY,23.6
1/24/2016,KY,17
1/31/2016,KY,22.2
2/7/2016,KY,22.4
2/14/2016,KY,24.6
2/21/2016,KY,21.2
2/28/2016,KY,18.4
3/6/2016,KY,23.6
3/13/2016,KY,14.4
3/20/2016,KY,21.6
3/27/2016,KY,20
4/3/2016,KY,25.6
4/10/2016,KY,21.4
4/17/2016,KY,9.6
4/24/2016,KY,17.8
5/1/2016,KY,22.4
5/8/2016,KY,27
5/15/2016,KY,23.2
5/22/2016,KY,14.8
5/29/2016,KY,17.6
6/5/2016,KY,21.2
6/12/2016,KY,23.2
6/19/2016,KY,16.8
6/26/2016,KY,21.4
7/3/2016,KY,19.2
7/10/2016,KY,25.2
7/17/2016,KY,21
7/24/2016,KY,20.8
7/31/2016,KY,22.6
8/7/2016,KY,20.2
8/14/2016,KY,16.4
8/21/2016,KY,22.4
8/28/2016,KY,15
9/4/2016,KY,6
9/11/2016,KY,20.4
9/18/2016,KY,15
9/25/2016,KY,14.6
10/2/2016,KY,22.6
10/9/2016,KY,14
10/16/2016,KY,17.2
10/23/2016,KY,24.2
10/30/2016,KY,20
11/6/2016,KY,16.6
11/13/2016,KY,19
11/20/2016,KY,22.6
11/27/2016,KY,19.4
12/4/2016,KY,20.8
12/11/2016,KY,24
12/18/2016,KY,21.6
12/25/2016,KY,16.2
1/1/2017,KY,22.8
1/3/2016,LA,18.4
1/10/2016,LA,13.8
1/17/2016,LA,17
1/24/2016,LA,20.2
1/31/2016,LA,19.2
2/7/2016,LA,19.8
2/14/2016,LA,21.2
2/21/2016,LA,16.2
2/28/2016,LA,20.8
3/6/2016,LA,16
3/13/2016,LA,13.6
3/20/2016,LA,19.8
3/27/2016,LA,17
4/3/2016,LA,24.6
4/10/2016,LA,21.4
4/17/2016,LA,9.2
4/24/2016,LA,17.4
5/1/2016,LA,16.8
5/8/2016,LA,24.4
5/15/2016,LA,17.4
5/22/2016,LA,12.8
5/29/2016,LA,13.2
6/5/2016,LA,11.2
6/12/2016,LA,9.4
6/19/2016,LA,20
6/26/2016,LA,19
7/3/2016,LA,19
7/10/2016,LA,19.25
7/17/2016,LA,16.5
7/24/2016,LA,12.75
7/31/2016,LA,17.25
8/7/2016,LA,22.6
8/14/2016,LA,23.2
8/21/2016,LA,15.4
8/28/2016,LA,10.8
9/4/2016,LA,9
9/11/2016,LA,12.4
9/18/2016,LA,11.2
9/25/2016,LA,13
10/2/2016,LA,5.8
10/9/2016,LA,9.4
10/16/2016,LA,10.4
10/23/2016,LA,13.8
10/30/2016,LA,10.2
11/6/2016,LA,9.4
11/13/2016,LA,8.8
11/20/2016,LA,18.2
11/27/2016,LA,11.8
12/4/2016,LA,5.8
12/11/2016,LA,8.8
12/18/2016,LA,17
12/25/2016,LA,9.8
1/1/2017,LA,15.6
1/3/2016,ME,24.333333333333332
1/10/2016,ME,19.666666666666668
1/17/2016,ME,24.333333333333332
1/24/2016,ME,27.666666666666668
1/31/2016,ME,21.333333333333332
2/7/2016,ME,27
2/14/2016,ME,23.333333333333332
2/21/2016,ME,23.333333333333332
2/28/2016,ME,19.333333333333332
3/6/2016,ME,24.666666666666668
3/13/2016,ME,22
3/20/2016,ME,18
3/27/2016,ME,25
4/3/2016,ME,23
4/10/2016,ME,26.333333333333332
4/17/2016,ME,15.333333333333334
4/24/2016,ME,27
5/1/2016,ME,14.333333333333334
5/8/2016,ME,10.333333333333334
5/15/2016,ME,23
5/22/2016,ME,22.333333333333332
5/29/2016,ME,17
6/5/2016,ME,13.666666666666666
6/12/2016,ME,23.666666666666668
6/19/2016,ME,26.333333333333332
6/26/2016,ME,21.333333333333332
7/3/2016,ME,22.333333333333332
7/10/2016,ME,12.333333333333334
7/17/2016,ME,21.333333333333332
7/24/2016,ME,25.666666666666668
7/31/2016,ME,23
8/7/2016,ME,17.666666666666668
8/14/2016,ME,19.666666666666668
8/21/2016,ME,23
8/28/2016,ME,24.333333333333332
9/4/2016,ME,27.666666666666668
9/11/2016,ME,16.666666666666668
9/18/2016,ME,22
9/25/2016,ME,25.666666666666668
10/2/2016,ME,16.666666666666668
10/9/2016,ME,17
10/16/2016,ME,22.666666666666668
10/23/2016,ME,18
10/30/2016,ME,21.333333333333332
11/6/2016,ME,25
11/13/2016,ME,26.333333333333332
11/20/2016,ME,17.666666666666668
11/27/2016,ME,22
12/4/2016,ME,26.333333333333332
12/11/2016,ME,25
12/18/2016,ME,24.666666666666668
12/25/2016,ME,24.333333333333332
1/1/2017,ME,24.666666666666668
1/3/2016,MD,27
1/10/2016,MD,16.5
1/17/2016,MD,25.5
1/24/2016,MD,25
1/31/2016,MD,21.5
2/7/2016,MD,18
2/14/2016,MD,22
2/21/2016,MD,22.5
2/28/2016,MD,17.5
3/6/2016,MD,18.5
3/13/2016,MD,19.5
3/20/2016,MD,15.5
3/27/2016,MD,17.5
4/3/2016,MD,25.5
4/10/2016,MD,25.5
4/17/2016,MD,11
4/24/2016,MD,21.5
5/1/2016,MD,10.5
5/8/2016,MD,11
5/15/2016,MD,18
5/22/2016,MD,16
5/29/2016,MD,20
6/5/2016,MD,12.5
6/12/2016,MD,27
6/19/2016,MD,16
6/26/2016,MD,17.5
7/3/2016,MD,21
7/10/2016,MD,25
7/17/2016,MD,18
7/24/2016,MD,18
7/31/2016,MD,21.5
8/7/2016,MD,17
8/14/2016,MD,20.5
8/21/2016,MD,23
8/28/2016,MD,17
9/4/2016,MD,7
9/11/2016,MD,26.5
9/18/2016,MD,13.5
9/25/2016,MD,8
10/2/2016,MD,5
10/9/2016,MD,12.5
10/16/2016,MD,21.5
10/23/2016,MD,22.5
10/30/2016,MD,22
11/6/2016,MD,25
11/13/2016,MD,28
11/20/2016,MD,26
11/27/2016,MD,24
12/4/2016,MD,28
12/11/2016,MD,23.5
12/18/2016,MD,23.5
12/25/2016,MD,22.5
1/1/2017,MD,23
1/3/2016,MA,25
1/10/2016,MA,20
1/17/2016,MA,25
1/24/2016,MA,26
1/31/2016,MA,23.666666666666668
2/7/2016,MA,24.333333333333332
2/14/2016,MA,22.333333333333332
2/21/2016,MA,23.666666666666668
2/28/2016,MA,17
3/6/2016,MA,24.333333333333332
3/13/2016,MA,22.666666666666668
3/20/2016,MA,14.666666666666666
3/27/2016,MA,15.333333333333334
4/3/2016,MA,23
4/10/2016,MA,22.5
4/17/2016,MA,11
4/24/2016,MA,18
5/1/2016,MA,16.666666666666668
5/8/2016,MA,7.666666666666667
5/15/2016,MA,22.333333333333332
5/22/2016,MA,18
5/29/2016,MA,13.666666666666666
6/5/2016,MA,13
6/12/2016,MA,26.333333333333332
6/19/2016,MA,21.666666666666668
6/26/2016,MA,19.333333333333332
7/3/2016,MA,24
7/10/2016,MA,13.666666666666666
7/17/2016,MA,22
7/24/2016,MA,27
7/31/2016,MA,17.333333333333332
8/7/2016,MA,17.333333333333332
8/14/2016,MA,20
8/21/2016,MA,20.333333333333332
8/28/2016,MA,22.333333333333332
9/4/2016,MA,11.666666666666666
9/11/2016,MA,12.333333333333334
9/18/2016,MA,21
9/25/2016,MA,22.666666666666668
10/2/2016,MA,2.3333333333333335
10/9/2016,MA,16.333333333333332
10/16/2016,MA,22.333333333333332
10/23/2016,MA,20
10/30/2016,MA,26.333333333333332
11/6/2016,MA,17.666666666666668
11/13/2016,MA,28
11/20/2016,MA,20.5
11/27/2016,MA,28
12/4/2016,MA,28.333333333333332
12/11/2016,MA,26.333333333333332
12/18/2016,MA,24
12/25/2016,MA,26.333333333333332
1/1/2017,MA,22.666666666666668
1/3/2016,MI,23.666666666666668
1/10/2016,MI,16.11111111111111
1/17/2016,MI,19.333333333333332
1/24/2016,MI,16.333333333333332
1/31/2016,MI,20.11111111111111
2/7/2016,MI,18.555555555555557
2/14/2016,MI,24.555555555555557
2/21/2016,MI,19.666666666666668
2/28/2016,MI,15.11111111111111
3/6/2016,MI,14.333333333333334
3/13/2016,MI,17.333333333333332
3/20/2016,MI,15.444444444444445
3/27/2016,MI,14
4/3/2016,MI,21
4/10/2016,MI,19
4/17/2016,MI,14.444444444444445
4/24/2016,MI,13.88888888888889
5/1/2016,MI,4.555555555555555
5/8/2016,MI,20.333333333333332
5/15/2016,MI,17
5/22/2016,MI,15.333333333333334
5/29/2016,MI,17.22222222222222
6/5/2016,MI,18.444444444444443
6/12/2016,MI,22.88888888888889
6/19/2016,MI,14.666666666666666
6/26/2016,MI,17.11111111111111
7/3/2016,MI,22.666666666666668
7/10/2016,MI,21.444444444444443
7/17/2016,MI,19.444444444444443
7/24/2016,MI,19.555555555555557
7/31/2016,MI,14.222222222222221
8/7/2016,MI,17.11111111111111
8/14/2016,MI,17.22222222222222
8/21/2016,MI,18.333333333333332
8/28/2016,MI,19.555555555555557
9/4/2016,MI,8.555555555555555
9/11/2016,MI,18.88888888888889
9/18/2016,MI,15.222222222222221
9/25/2016,MI,13.222222222222221
10/2/2016,MI,15
10/9/2016,MI,16.555555555555557
10/16/2016,MI,17.666666666666668
10/23/2016,MI,20.444444444444443
10/30/2016,MI,19.88888888888889
11/6/2016,MI,19.333333333333332
11/13/2016,MI,23.333333333333332
11/20/2016,MI,20.666666666666668
11/27/2016,MI,19.11111111111111
12/4/2016,MI,21.11111111111111
12/11/2016,MI,19.22222222222222
12/18/2016,MI,21.666666666666668
12/25/2016,MI,18.666666666666668
1/1/2017,MI,20.77777777777778
1/3/2016,MN,29
1/10/2016,MN,21.8
1/17/2016,MN,24.6
1/24/2016,MN,19
1/31/2016,MN,26.2
2/7/2016,MN,23
2/14/2016,MN,25.8
2/21/2016,MN,22
2/28/2016,MN,24.4
3/6/2016,MN,21.6
3/13/2016,MN,18.4
3/20/2016,MN,17
3/27/2016,MN,10.8
4/3/2016,MN,26
4/10/2016,MN,20.2
4/17/2016,MN,16.2
4/24/2016,MN,10.8
5/1/2016,MN,4.4
5/8/2016,MN,23.8
5/15/2016,MN,21.2
5/22/2016,MN,15
5/29/2016,MN,17.6
6/5/2016,MN,23.6
6/12/2016,MN,20.2
6/19/2016,MN,14.4
6/26/2016,MN,21.2
7/3/2016,MN,15.6
7/10/2016,MN,18.6
7/17/2016,MN,23
7/24/2016,MN,19.6
7/31/2016,MN,15.6
8/7/2016,MN,22.2
8/14/2016,MN,21
8/21/2016,MN,24
8/28/2016,MN,19.4
9/4/2016,MN,14.4
9/11/2016,MN,22.2
9/18/2016,MN,21.8
9/25/2016,MN,14.2
10/2/2016,MN,7
10/9/2016,MN,20.6
10/16/2016,MN,20.6
10/23/2016,MN,23.8
10/30/2016,MN,17
11/6/2016,MN,21
11/13/2016,MN,26
11/20/2016,MN,18.4
11/27/2016,MN,17.6
12/4/2016,MN,24.2
12/11/2016,MN,20.6
12/18/2016,MN,25.2
12/25/2016,MN,19
1/1/2017,MN,23.6
1/3/2016,MS,30.285714285714285
1/10/2016,MS,16
1/17/2016,MS,19.857142857142858
1/24/2016,MS,18.428571428571427
1/31/2016,MS,20.428571428571427
2/7/2016,MS,20.428571428571427
2/14/2016,MS,22
2/21/2016,MS,19
2/28/2016,MS,22.142857142857142
3/6/2016,MS,17
3/13/2016,MS,13.571428571428571
3/20/2016,MS,21
3/27/2016,MS,17.857142857142858
4/3/2016,MS,28.285714285714285
4/10/2016,MS,20.285714285714285
4/17/2016,MS,9.428571428571429
4/24/2016,MS,17.285714285714285
5/1/2016,MS,15.571428571428571
5/8/2016,MS,28
5/15/2016,MS,19.285714285714285
5/22/2016,MS,14.857142857142858
5/29/2016,MS,17.142857142857142
6/5/2016,MS,15.285714285714286
6/12/2016,MS,18.714285714285715
6/19/2016,MS,19.142857142857142
6/26/2016,MS,20.285714285714285
7/3/2016,MS,24.285714285714285
7/10/2016,MS,20.428571428571427
7/17/2016,MS,17.428571428571427
7/24/2016,MS,17.285714285714285
7/31/2016,MS,19.714285714285715
8/7/2016,MS,25.142857142857142
8/14/2016,MS,17.714285714285715
8/21/2016,MS,18.285714285714285
8/28/2016,MS,11.857142857142858
9/4/2016,MS,16.571428571428573
9/11/2016,MS,15.285714285714286
9/18/2016,MS,13.142857142857142
9/25/2016,MS,18.285714285714285
10/2/2016,MS,22
10/9/2016,MS,14.428571428571429
10/16/2016,MS,14.142857142857142
10/23/2016,MS,20.142857142857142
10/30/2016,MS,17.428571428571427
11/6/2016,MS,14.714285714285714
11/13/2016,MS,16.571428571428573
11/20/2016,MS,23.142857142857142
11/27/2016,MS,17.857142857142858
12/4/2016,MS,8.428571428571429
12/11/2016,MS,15.428571428571429
12/18/2016,MS,17.142857142857142
12/25/2016,MS,16.428571428571427
1/1/2017,MS,21.142857142857142
1/3/2016,MO,28
1/10/2016,MO,19.857142857142858
1/17/2016,MO,26.571428571428573
1/24/2016,MO,17.285714285714285
1/31/2016,MO,23.285714285714285
2/7/2016,MO,20.428571428571427
2/14/2016,MO,20.714285714285715
2/21/2016,MO,19.428571428571427
2/28/2016,MO,20.428571428571427
3/6/2016,MO,20.142857142857142
3/13/2016,MO,13.714285714285714
3/20/2016,MO,23.857142857142858
3/27/2016,MO,19.857142857142858
4/3/2016,MO,26.571428571428573
4/10/2016,MO,22.285714285714285
4/17/2016,MO,13.571428571428571
4/24/2016,MO,19.285714285714285
5/1/2016,MO,29.142857142857142
5/8/2016,MO,26.142857142857142
5/15/2016,MO,22.857142857142858
5/22/2016,MO,10.285714285714286
5/29/2016,MO,17.714285714285715
6/5/2016,MO,21.571428571428573
6/12/2016,MO,21.285714285714285
6/19/2016,MO,16.428571428571427
6/26/2016,MO,19.857142857142858
7/3/2016,MO,12.571428571428571
7/10/2016,MO,16.857142857142858
7/17/2016,MO,18
7/24/2016,MO,17.571428571428573
7/31/2016,MO,18.857142857142858
8/7/2016,MO,12.142857142857142
8/14/2016,MO,15.857142857142858
8/21/2016,MO,22.142857142857142
8/28/2016,MO,15
9/4/2016,MO,8.285714285714286
9/11/2016,MO,20.142857142857142
9/18/2016,MO,15.428571428571429
9/25/2016,MO,18.285714285714285
10/2/2016,MO,25.571428571428573
10/9/2016,MO,17.714285714285715
10/16/2016,MO,16.714285714285715
10/23/2016,MO,22.142857142857142
10/30/2016,MO,17
11/6/2016,MO,16
11/13/2016,MO,17.285714285714285
11/20/2016,MO,22.142857142857142
11/27/2016,MO,18.714285714285715
12/4/2016,MO,20.142857142857142
12/11/2016,MO,23.142857142857142
12/18/2016,MO,20.714285714285715
12/25/2016,MO,16.857142857142858
1/1/2017,MO,24
1/3/2016,MT,20.636363636363637
1/10/2016,MT,19.636363636363637
1/17/2016,MT,20.818181818181817
1/24/2016,MT,21.90909090909091
1/31/2016,MT,22.181818181818183
2/7/2016,MT,24.454545454545453
2/14/2016,MT,23.545454545454547
2/21/2016,MT,22.90909090909091
2/28/2016,MT,24.09090909090909
3/6/2016,MT,22
3/13/2016,MT,21.545454545454547
3/20/2016,MT,22.90909090909091
3/27/2016,MT,23.181818181818183
4/3/2016,MT,26.727272727272727
4/10/2016,MT,22.545454545454547
4/17/2016,MT,20.545454545454547
4/24/2016,MT,17.09090909090909
5/1/2016,MT,17.363636363636363
5/8/2016,MT,18.636363636363637
5/15/2016,MT,16.727272727272727
5/22/2016,MT,20.818181818181817
5/29/2016,MT,23.636363636363637
6/5/2016,MT,23.363636363636363
6/12/2016,MT,19.181818181818183
6/19/2016,MT,21.272727272727273
6/26/2016,MT,22.90909090909091
7/3/2016,MT,21.818181818181817
7/10/2016,MT,23.727272727272727
7/17/2016,MT,22.818181818181817
7/24/2016,MT,20.454545454545453
7/31/2016,MT,16.454545454545453
8/7/2016,MT,17.09090909090909
8/14/2016,MT,20.727272727272727
8/21/2016,MT,18.09090909090909
8/28/2016,MT,22.727272727272727
9/4/2016,MT,18.545454545454547
9/11/2016,MT,23.727272727272727
9/18/2016,MT,20.09090909090909
9/25/2016,MT,20
10/2/2016,MT,18.545454545454547
10/9/2016,MT,21.727272727272727
10/16/2016,MT,20.545454545454547
10/23/2016,MT,22.272727272727273
10/30/2016,MT,18.90909090909091
11/6/2016,MT,20.818181818181817
11/13/2016,MT,20.90909090909091
11/20/2016,MT,20.90909090909091
11/27/2016,MT,21.727272727272727
12/4/2016,MT,23.09090909090909
12/11/2016,MT,18.545454545454547
12/18/2016,MT,23
12/25/2016,MT,21.272727272727273
1/1/2017,MT,23.363636363636363
1/3/2016,NE,26.625
1/10/2016,NE,22.875
1/17/2016,NE,27
1/24/2016,NE,19.625
1/31/2016,NE,28
2/7/2016,NE,21.875
2/14/2016,NE,22.75
2/21/2016,NE,25
2/28/2016,NE,27.875
3/6/2016,NE,25.125
3/13/2016,NE,20.75
3/20/2016,NE,28.5
3/27/2016,NE,21.125
4/3/2016,NE,29.375
4/10/2016,NE,24.375
4/17/2016,NE,19
4/24/2016,NE,23
5/1/2016,NE,22.625
5/8/2016,NE,18.5
5/15/2016,NE,25.25
5/22/2016,NE,13.5
5/29/2016,NE,18
6/5/2016,NE,25.5
6/12/2016,NE,18.625
6/19/2016,NE,15.375
6/26/2016,NE,16
7/3/2016,NE,10.75
7/10/2016,NE,15.875
7/17/2016,NE,15.875
7/24/2016,NE,16.25
7/31/2016,NE,13.125
8/7/2016,NE,14
8/14/2016,NE,19.625
8/21/2016,NE,21
8/28/2016,NE,15.875
9/4/2016,NE,14.75
9/11/2016,NE,19
9/18/2016,NE,18.375
9/25/2016,NE,18.375
10/2/2016,NE,14.875
10/9/2016,NE,20.5
10/16/2016,NE,19.875
10/23/2016,NE,23.5
10/30/2016,NE,17
11/6/2016,NE,17.375
11/13/2016,NE,22.625
11/20/2016,NE,22.75
11/27/2016,NE,21.625
12/4/2016,NE,25.875
12/11/2016,NE,24.375
12/18/2016,NE,23.875
12/25/2016,NE,21
1/1/2017,NE,27
1/3/2016,NV,16.166666666666668
1/10/2016,NV,16
1/17/2016,NV,17.666666666666668
1/24/2016,NV,18.666666666666668
1/31/2016,NV,16
2/7/2016,NV,15
2/14/2016,NV,15.666666666666666
2/21/2016,NV,16.5
2/28/2016,NV,16.666666666666668
3/6/2016,NV,19
3/13/2016,NV,19.666666666666668
3/20/2016,NV,17.333333333333332
3/27/2016,NV,22.833333333333332
4/3/2016,NV,17.5
4/10/2016,NV,13.833333333333334
4/17/2016,NV,20.833333333333332
4/24/2016,NV,18.333333333333332
5/1/2016,NV,12.833333333333334
5/8/2016,NV,18.166666666666668
5/15/2016,NV,18.333333333333332
5/22/2016,NV,19
5/29/2016,NV,21.333333333333332
6/5/2016,NV,17.166666666666668
6/12/2016,NV,20.833333333333332
6/19/2016,NV,20.5
6/26/2016,NV,20.333333333333332
7/3/2016,NV,20
7/10/2016,NV,23.166666666666668
7/17/2016,NV,20.666666666666668
7/24/2016,NV,21.666666666666668
7/31/2016,NV,20
8/7/2016,NV,19.5
8/14/2016,NV,19.333333333333332
8/21/2016,NV,20.333333333333332
8/28/2016,NV,18.166666666666668
9/4/2016,NV,24.333333333333332
9/11/2016,NV,16.166666666666668
9/18/2016,NV,19
9/25/2016,NV,19.333333333333332
10/2/2016,NV,21.833333333333332
10/9/2016,NV,19.333333333333332
10/16/2016,NV,19.833333333333332
10/23/2016,NV,18
10/30/2016,NV,16.666666666666668
11/6/2016,NV,19.166666666666668
11/13/2016,NV,16.5
11/20/2016,NV,17.666666666666668
11/27/2016,NV,19.166666666666668
12/4/2016,NV,19
12/11/2016,NV,17.333333333333332
12/18/2016,NV,19
12/25/2016,NV,17.333333333333332
1/1/2017,NV,13
1/3/2016,NH,25.5
1/10/2016,NH,22.5
1/17/2016,NH,24
1/24/2016,NH,25.5
1/31/2016,NH,24
2/7/2016,NH,23.5
2/14/2016,NH,24.5
2/21/2016,NH,22.5
2/28/2016,NH,21
3/6/2016,NH,25
3/13/2016,NH,24
3/20/2016,NH,17
3/27/2016,NH,26
4/3/2016,NH,24.5
4/10/2016,NH,23.5
4/17/2016,NH,17.5
4/24/2016,NH,27.5
5/1/2016,NH,15
5/8/2016,NH,13
5/15/2016,NH,25
5/22/2016,NH,23
5/29/2016,NH,18.5
6/5/2016,NH,22
6/12/2016,NH,27
6/19/2016,NH,27
6/26/2016,NH,20
7/3/2016,NH,25.5
7/10/2016,NH,21.5
7/17/2016,NH,24.5
7/24/2016,NH,27.5
7/31/2016,NH,26
8/7/2016,NH,19
8/14/2016,NH,24.5
8/21/2016,NH,24
8/28/2016,NH,26.5
9/4/2016,NH,21.5
9/11/2016,NH,17
9/18/2016,NH,25.5
9/25/2016,NH,27
10/2/2016,NH,11
10/9/2016,NH,22
10/16/2016,NH,24.5
10/23/2016,NH,22
10/30/2016,NH,24.5
11/6/2016,NH,28
11/13/2016,NH,24.5
11/20/2016,NH,19
11/27/2016,NH,29
12/4/2016,NH,29
12/11/2016,NH,26
12/18/2016,NH,27.5
12/25/2016,NH,26
1/1/2017,NH,24.5
1/3/2016,NJ,26.5
1/10/2016,NJ,18.5
1/17/2016,NJ,25
1/24/2016,NJ,22
1/31/2016,NJ,23.5
2/7/2016,NJ,22
2/14/2016,NJ,20.5
2/21/2016,NJ,20
2/28/2016,NJ,19
3/6/2016,NJ,22.5
3/13/2016,NJ,19.5
3/20/2016,NJ,18.5
3/27/2016,NJ,17.5
4/3/2016,NJ,24.5
4/10/2016,NJ,24
4/17/2016,NJ,10.5
4/24/2016,NJ,23.5
5/1/2016,NJ,9
5/8/2016,NJ,11
5/15/2016,NJ,21
5/22/2016,NJ,14
5/29/2016,NJ,19.5
6/5/2016,NJ,13.5
6/12/2016,NJ,27
6/19/2016,NJ,19.5
6/26/2016,NJ,17
7/3/2016,NJ,23
7/10/2016,NJ,19.5
7/17/2016,NJ,19.5
7/24/2016,NJ,21
7/31/2016,NJ,15.5
8/7/2016,NJ,15.5
8/14/2016,NJ,21
8/21/2016,NJ,19
8/28/2016,NJ,20.5
9/4/2016,NJ,10
9/11/2016,NJ,22.5
9/18/2016,NJ,14
9/25/2016,NJ,9.5
10/2/2016,NJ,3.5
10/9/2016,NJ,10.5
10/16/2016,NJ,20
10/23/2016,NJ,21
10/30/2016,NJ,25.5
11/6/2016,NJ,26.5
11/13/2016,NJ,27
11/20/2016,NJ,26.5
11/27/2016,NJ,27.5
12/4/2016,NJ,29
12/11/2016,NJ,23.5
12/18/2016,NJ,26
12/25/2016,NJ,29.5
1/1/2017,NJ,22
1/3/2016,NM,23.666666666666668
1/10/2016,NM,21
1/17/2016,NM,28.666666666666668
1/24/2016,NM,27.333333333333332
1/31/2016,NM,22.666666666666668
2/7/2016,NM,25.333333333333332
2/14/2016,NM,29.333333333333332
2/21/2016,NM,19.666666666666668
2/28/2016,NM,19
3/6/2016,NM,22.666666666666668
3/13/2016,NM,22.666666666666668
3/20/2016,NM,17
3/27/2016,NM,23.333333333333332
4/3/2016,NM,20
4/10/2016,NM,19
4/17/2016,NM,18.333333333333332
4/24/2016,NM,21.666666666666668
5/1/2016,NM,15
5/8/2016,NM,20
5/15/2016,NM,18.333333333333332
5/22/2016,NM,15.666666666666666
5/29/2016,NM,21.666666666666668
6/5/2016,NM,9.666666666666666
6/12/2016,NM,17.333333333333332
6/19/2016,NM,16.333333333333332
6/26/2016,NM,15.666666666666666
7/3/2016,NM,25.333333333333332
7/10/2016,NM,19.666666666666668
7/17/2016,NM,15.666666666666666
7/24/2016,NM,18.666666666666668
7/31/2016,NM,16.333333333333332
8/7/2016,NM,18.666666666666668
8/14/2016,NM,18.333333333333332
8/21/2016,NM,18.333333333333332
8/28/2016,NM,21.333333333333332
9/4/2016,NM,17.666666666666668
9/11/2016,NM,18.333333333333332
9/18/2016,NM,16.666666666666668
9/25/2016,NM,18.333333333333332
10/2/2016,NM,21
10/9/2016,NM,21.666666666666668
10/16/2016,NM,18.666666666666668
10/23/2016,NM,23
10/30/2016,NM,21.333333333333332
11/6/2016,NM,19
11/13/2016,NM,18
11/20/2016,NM,23
11/27/2016,NM,21.333333333333332
12/4/2016,NM,19
12/11/2016,NM,18.333333333333332
12/18/2016,NM,18
12/25/2016,NM,20.666666666666668
1/1/2017,NM,20.666666666666668
1/3/2016,NY,25.25
1/10/2016,NY,19
1/17/2016,NY,23.25
1/24/2016,NY,23.375
1/31/2016,NY,22.125
2/7/2016,NY,23
2/14/2016,NY,21.5
2/21/2016,NY,23.125
2/28/2016,NY,20.25
3/6/2016,NY,17.25
3/13/2016,NY,20.375
3/20/2016,NY,17.625
3/27/2016,NY,17.875
4/3/2016,NY,25.5
4/10/2016,NY,20.5
4/17/2016,NY,16
4/24/2016,NY,21.375
5/1/2016,NY,12
5/8/2016,NY,12.25
5/15/2016,NY,21.25
5/22/2016,NY,20.625
5/29/2016,NY,20
6/5/2016,NY,14.75
6/12/2016,NY,27.125
6/19/2016,NY,17.875
6/26/2016,NY,19.125
7/3/2016,NY,24.5
7/10/2016,NY,21.125
7/17/2016,NY,20.625
7/24/2016,NY,24
7/31/2016,NY,16.25
8/7/2016,NY,16.625
8/14/2016,NY,20.625
8/21/2016,NY,20.125
8/28/2016,NY,21.375
9/4/2016,NY,15.875
9/11/2016,NY,17.625
9/18/2016,NY,18.875
9/25/2016,NY,16.75
10/2/2016,NY,12.125
10/9/2016,NY,18.5
10/16/2016,NY,18.75
10/23/2016,NY,22.625
10/30/2016,NY,25.5
11/6/2016,NY,23
11/13/2016,NY,24.5
11/20/2016,NY,24.25
11/27/2016,NY,24.125
12/4/2016,NY,26
12/11/2016,NY,21.875
12/18/2016,NY,23.625
12/25/2016,NY,23.5
1/1/2017,NY,22.375
1/3/2016,NC,27.571428571428573
1/10/2016,NC,13.285714285714286
1/17/2016,NC,26.428571428571427
1/24/2016,NC,24.142857142857142
1/31/2016,NC,19.428571428571427
2/7/2016,NC,18.857142857142858
2/14/2016,NC,23.857142857142858
2/21/2016,NC,18.285714285714285
2/28/2016,NC,19.142857142857142
3/6/2016,NC,19.428571428571427
3/13/2016,NC,19.285714285714285
3/20/2016,NC,19.142857142857142
3/27/2016,NC,18.285714285714285
4/3/2016,NC,25.714285714285715
4/10/2016,NC,20.285714285714285
4/17/2016,NC,10.428571428571429
4/24/2016,NC,20
5/1/2016,NC,19.428571428571427
5/8/2016,NC,26.857142857142858
5/15/2016,NC,24.142857142857142
5/22/2016,NC,14.142857142857142
5/29/2016,NC,18.428571428571427
6/5/2016,NC,22
6/12/2016,NC,24.428571428571427
6/19/2016,NC,15.714285714285714
6/26/2016,NC,19.571428571428573
7/3/2016,NC,16.428571428571427
7/10/2016,NC,25
7/17/2016,NC,23.142857142857142
7/24/2016,NC,21.285714285714285
7/31/2016,NC,24
8/7/2016,NC,16.857142857142858
8/14/2016,NC,16.571428571428573
8/21/2016,NC,22.714285714285715
8/28/2016,NC,11.714285714285714
9/4/2016,NC,14.142857142857142
9/11/2016,NC,23.428571428571427
9/18/2016,NC,10.857142857142858
9/25/2016,NC,9.285714285714286
10/2/2016,NC,21.285714285714285
10/9/2016,NC,10.571428571428571
10/16/2016,NC,11.857142857142858
10/23/2016,NC,24.142857142857142
10/30/2016,NC,20.285714285714285
11/6/2016,NC,16.714285714285715
11/13/2016,NC,20.857142857142858
11/20/2016,NC,25.571428571428573
11/27/2016,NC,24.714285714285715
12/4/2016,NC,22.571428571428573
12/11/2016,NC,22.285714285714285
12/18/2016,NC,19.714285714285715
12/25/2016,NC,15.285714285714286
1/1/2017,NC,22.857142857142858
1/3/2016,ND,25.8
1/10/2016,ND,22.2
1/17/2016,ND,25.2
1/24/2016,ND,16.6
1/31/2016,ND,27.2
2/7/2016,ND,24.6
2/14/2016,ND,19.8
2/21/2016,ND,21.6
2/28/2016,ND,28.2
3/6/2016,ND,18.2
3/13/2016,ND,20.2
3/20/2016,ND,25.6
3/27/2016,ND,11.2
4/3/2016,ND,28.6
4/10/2016,ND,25.4
4/17/2016,ND,17.6
4/24/2016,ND,10.2
5/1/2016,ND,26
5/8/2016,ND,24.8
5/15/2016,ND,24.8
5/22/2016,ND,13.6
5/29/2016,ND,18.4
6/5/2016,ND,27.2
6/12/2016,ND,20.6
6/19/2016,ND,14.8
6/26/2016,ND,22.6
7/3/2016,ND,14.6
7/10/2016,ND,19.4
7/17/2016,ND,23.2
7/24/2016,ND,18
7/31/2016,ND,14
8/7/2016,ND,17.2
8/14/2016,ND,20.4
8/21/2016,ND,20.8
8/28/2016,ND,22
9/4/2016,ND,11.4
9/11/2016,ND,21.4
9/18/2016,ND,24.8
9/25/2016,ND,15.8
10/2/2016,ND,10.8
10/9/2016,ND,21
10/16/2016,ND,20.8
10/23/2016,ND,23.4
10/30/2016,ND,19.2
11/6/2016,ND,20.6
11/13/2016,ND,23.6
11/20/2016,ND,24.8
11/27/2016,ND,18
12/4/2016,ND,23.4
12/11/2016,ND,24.6
12/18/2016,ND,25.8
12/25/2016,ND,19.2
1/1/2017,ND,25
1/3/2016,OH,25.428571428571427
1/10/2016,OH,18.285714285714285
1/17/2016,OH,22.714285714285715
1/24/2016,OH,17.428571428571427
1/31/2016,OH,22
2/7/2016,OH,22
2/14/2016,OH,24.285714285714285
2/21/2016,OH,20.142857142857142
2/28/2016,OH,16.571428571428573
3/6/2016,OH,20.428571428571427
3/13/2016,OH,15
3/20/2016,OH,20.428571428571427
3/27/2016,OH,20.428571428571427
4/3/2016,OH,25
4/10/2016,OH,22.857142857142858
4/17/2016,OH,12.142857142857142
4/24/2016,OH,17.142857142857142
5/1/2016,OH,19.142857142857142
5/8/2016,OH,27.285714285714285
5/15/2016,OH,19.857142857142858
5/22/2016,OH,17.428571428571427
5/29/2016,OH,19.714285714285715
6/5/2016,OH,21.428571428571427
6/12/2016,OH,27.142857142857142
6/19/2016,OH,13.714285714285714
6/26/2016,OH,19.142857142857142
7/3/2016,OH,20.142857142857142
7/10/2016,OH,23.428571428571427
7/17/2016,OH,19.857142857142858
7/24/2016,OH,22.571428571428573
7/31/2016,OH,18
8/7/2016,OH,16.714285714285715
8/14/2016,OH,17.571428571428573
8/21/2016,OH,21.428571428571427
8/28/2016,OH,19.857142857142858
9/4/2016,OH,6.571428571428571
9/11/2016,OH,22.714285714285715
9/18/2016,OH,15.142857142857142
9/25/2016,OH,14
10/2/2016,OH,20
10/9/2016,OH,18.857142857142858
10/16/2016,OH,17.857142857142858
10/23/2016,OH,20.142857142857142
10/30/2016,OH,22.857142857142858
11/6/2016,OH,22.714285714285715
11/13/2016,OH,23.857142857142858
11/20/2016,OH,21.285714285714285
11/27/2016,OH,22.714285714285715
12/4/2016,OH,22.714285714285715
12/11/2016,OH,21.857142857142858
12/18/2016,OH,23
12/25/2016,OH,20.142857142857142
1/1/2017,OH,22.857142857142858
1/3/2016,OK,28.75
1/10/2016,OK,21.5
1/17/2016,OK,19
1/24/2016,OK,20
1/31/2016,OK,26
2/7/2016,OK,23.5
2/14/2016,OK,19.75
2/21/2016,OK,22.25
2/28/2016,OK,21.25
3/6/2016,OK,21.5
3/13/2016,OK,10.5
3/20/2016,OK,21.25
3/27/2016,OK,21
4/3/2016,OK,27.25
4/10/2016,OK,21.5
4/17/2016,OK,12.25
4/24/2016,OK,23
5/1/2016,OK,32.75
5/8/2016,OK,23
5/15/2016,OK,13.75
5/22/2016,OK,9.75
5/29/2016,OK,16.75
6/5/2016,OK,10.25
6/12/2016,OK,15.75
6/19/2016,OK,15
6/26/2016,OK,17.75
7/3/2016,OK,15.25
7/10/2016,OK,16.5
7/17/2016,OK,15
7/24/2016,OK,17.5
7/31/2016,OK,13.5
8/7/2016,OK,13.25
8/14/2016,OK,11.5
8/21/2016,OK,16.25
8/28/2016,OK,17
9/4/2016,OK,11
9/11/2016,OK,18.5
9/18/2016,OK,14
9/25/2016,OK,16.5
10/2/2016,OK,14.75
10/9/2016,OK,15.25
10/16/2016,OK,16
10/23/2016,OK,18.75
10/30/2016,OK,14.75
11/6/2016,OK,14.75
11/13/2016,OK,17
11/20/2016,OK,23.25
11/27/2016,OK,21.5
12/4/2016,OK,13.25
12/11/2016,OK,17
12/18/2016,OK,18.75
12/25/2016,OK,16
1/1/2017,OK,23
1/3/2016,OR,14.625
1/10/2016,OR,15
1/17/2016,OR,16
1/24/2016,OR,16.125
1/31/2016,OR,19.875
2/7/2016,OR,17.75
2/14/2016,OR,17.625
2/21/2016,OR,18.75
2/28/2016,OR,18.375
3/6/2016,OR,18.125
3/13/2016,OR,19.375
3/20/2016,OR,19.875
3/27/2016,OR,21.75
4/3/2016,OR,24.125
4/10/2016,OR,21.75
4/17/2016,OR,21.875
4/24/2016,OR,24.375
5/1/2016,OR,10.125
5/8/2016,OR,26.25
5/15/2016,OR,23.625
5/22/2016,OR,24.5
5/29/2016,OR,28.75
6/5/2016,OR,25.125
6/12/2016,OR,26
6/19/2016,OR,24.375
6/26/2016,OR,26.25
7/3/2016,OR,25.25
7/10/2016,OR,24.875
7/17/2016,OR,28
7/24/2016,OR,26.5
7/31/2016,OR,28.125
8/7/2016,OR,25.875
8/14/2016,OR,27.875
8/21/2016,OR,27.5
8/28/2016,OR,25
9/4/2016,OR,28.25
9/11/2016,OR,24.375
9/18/2016,OR,20.875
9/25/2016,OR,22.625
10/2/2016,OR,20.875
10/9/2016,OR,20.75
10/16/2016,OR,18.625
10/23/2016,OR,17.75
10/30/2016,OR,16.375
11/6/2016,OR,18.125
11/13/2016,OR,17.875
11/20/2016,OR,16.625
11/27/2016,OR,17.5
12/4/2016,OR,20.75
12/11/2016,OR,17.375
12/18/2016,OR,18.5
12/25/2016,OR,17.625
1/1/2017,OR,15.125
1/3/2016,PA,26.285714285714285
1/10/2016,PA,18.142857142857142
1/17/2016,PA,23.285714285714285
1/24/2016,PA,22.714285714285715
1/31/2016,PA,21.571428571428573
2/7/2016,PA,21.571428571428573
2/14/2016,PA,22.571428571428573
2/21/2016,PA,21
2/28/2016,PA,18.285714285714285
3/6/2016,PA,18
3/13/2016,PA,22.285714285714285
3/20/2016,PA,17.714285714285715
3/27/2016,PA,18.857142857142858
4/3/2016,PA,26.285714285714285
4/10/2016,PA,23.571428571428573
4/17/2016,PA,15.714285714285714
4/24/2016,PA,24.285714285714285
5/1/2016,PA,11.857142857142858
5/8/2016,PA,15.571428571428571
5/15/2016,PA,22
5/22/2016,PA,20.714285714285715
5/29/2016,PA,21.428571428571427
6/5/2016,PA,16
6/12/2016,PA,27
6/19/2016,PA,19.428571428571427
6/26/2016,PA,20.285714285714285
7/3/2016,PA,24.285714285714285
7/10/2016,PA,23.714285714285715
7/17/2016,PA,19.571428571428573
7/24/2016,PA,24
7/31/2016,PA,17.428571428571427
8/7/2016,PA,17.428571428571427
8/14/2016,PA,19.428571428571427
8/21/2016,PA,22.142857142857142
8/28/2016,PA,21.428571428571427
9/4/2016,PA,14.571428571428571
9/11/2016,PA,24.714285714285715
9/18/2016,PA,17
9/25/2016,PA,17.142857142857142
10/2/2016,PA,9.285714285714286
10/9/2016,PA,17.714285714285715
10/16/2016,PA,19.857142857142858
10/23/2016,PA,22.428571428571427
10/30/2016,PA,24.571428571428573
11/6/2016,PA,25.714285714285715
11/13/2016,PA,26.714285714285715
11/20/2016,PA,24.285714285714285
11/27/2016,PA,25.142857142857142
12/4/2016,PA,26.857142857142858
12/11/2016,PA,22.285714285714285
12/18/2016,PA,24.428571428571427
12/25/2016,PA,22.857142857142858
1/1/2017,PA,22.857142857142858
1/3/2016,PR,10
1/10/2016,PR,8
1/17/2016,PR,8
1/24/2016,PR,10
1/31/2016,PR,9
2/7/2016,PR,11
2/14/2016,PR,9
2/21/2016,PR,7
2/28/2016,PR,9
3/6/2016,PR,9
3/13/2016,PR,9
3/20/2016,PR,8
3/27/2016,PR,9
4/3/2016,PR,9
4/10/2016,PR,7
4/17/2016,PR,15
4/24/2016,PR,7
5/1/2016,PR,12
5/8/2016,PR,10
5/15/2016,PR,8
5/22/2016,PR,9
5/29/2016,PR,9
6/5/2016,PR,9
6/12/2016,PR,9
6/19/2016,PR,9
6/26/2016,PR,8
7/3/2016,PR,9
7/10/2016,PR,8
7/17/2016,PR,7
7/24/2016,PR,8
7/31/2016,PR,8
8/7/2016,PR,8
8/14/2016,PR,8
8/21/2016,PR,7
8/28/2016,PR,9
9/4/2016,PR,7
9/11/2016,PR,8
9/18/2016,PR,7
9/25/2016,PR,12
10/2/2016,PR,9
10/9/2016,PR,12
10/16/2016,PR,10
10/23/2016,PR,12
10/30/2016,PR,12
11/6/2016,PR,11
11/13/2016,PR,8
11/20/2016,PR,10
11/27/2016,PR,13
12/4/2016,PR,9
12/11/2016,PR,8
12/18/2016,PR,8
12/25/2016,PR,7
1/1/2017,PR,8
1/3/2016,RI,26
1/10/2016,RI,19
1/17/2016,RI,25
1/24/2016,RI,27
1/31/2016,RI,24
2/7/2016,RI,23
2/14/2016,RI,25
2/21/2016,RI,22
2/28/2016,RI,16
3/6/2016,RI,19
3/13/2016,RI,24
3/20/2016,RI,14
3/27/2016,RI,18
4/3/2016,RI,25
4/10/2016,RI,18
4/17/2016,RI,12
4/24/2016,RI,22
5/1/2016,RI,15
5/8/2016,RI,11
5/15/2016,RI,22
5/22/2016,RI,18
5/29/2016,RI,14
6/5/2016,RI,13
6/12/2016,RI,26
6/19/2016,RI,22
6/26/2016,RI,18
7/3/2016,RI,24
7/10/2016,RI,14
7/17/2016,RI,21
7/24/2016,RI,26
7/31/2016,RI,17
8/7/2016,RI,17
8/14/2016,RI,21
8/21/2016,RI,22
8/28/2016,RI,22
9/4/2016,RI,9
9/11/2016,RI,16
9/18/2016,RI,19
9/25/2016,RI,23
10/2/2016,RI,1
10/9/2016,RI,9
10/16/2016,RI,27
10/23/2016,RI,21
10/30/2016,RI,27
11/6/2016,RI,29
11/13/2016,RI,29
11/20/2016,RI,21
11/27/2016,RI,22
12/4/2016,RI,29
12/11/2016,RI,20
12/18/2016,RI,27
12/25/2016,RI,29
1/1/2017,RI,25
1/3/2016,SC,23
1/10/2016,SC,7.5
1/17/2016,SC,25.25
1/24/2016,SC,20.25
1/31/2016,SC,19.75
2/7/2016,SC,20
2/14/2016,SC,20.25
2/21/2016,SC,17.75
2/28/2016,SC,19.5
3/6/2016,SC,15.75
3/13/2016,SC,19
3/20/2016,SC,21
3/27/2016,SC,17.75
4/3/2016,SC,25
4/10/2016,SC,19.75
4/17/2016,SC,9
4/24/2016,SC,17.75
5/1/2016,SC,19.75
5/8/2016,SC,26.25
5/15/2016,SC,22.25
5/22/2016,SC,15
5/29/2016,SC,17.25
6/5/2016,SC,21
6/12/2016,SC,20
6/19/2016,SC,15.5
6/26/2016,SC,17.75
7/3/2016,SC,23
7/10/2016,SC,23.25
7/17/2016,SC,19.75
7/24/2016,SC,18.75
7/31/2016,SC,22
8/7/2016,SC,16.75
8/14/2016,SC,13.5
8/21/2016,SC,20.75
8/28/2016,SC,9
9/4/2016,SC,14
9/11/2016,SC,18.75
9/18/2016,SC,6.5
9/25/2016,SC,17.25
10/2/2016,SC,20
10/9/2016,SC,10.25
10/16/2016,SC,8.5
10/23/2016,SC,23.5
10/30/2016,SC,18.5
11/6/2016,SC,13.25
11/13/2016,SC,15.75
11/20/2016,SC,24.25
11/27/2016,SC,19
12/4/2016,SC,16.75
12/11/2016,SC,15.25
12/18/2016,SC,15.5
12/25/2016,SC,13.5
1/1/2017,SC,21.25
1/3/2016,SD,27.6
1/10/2016,SD,23.2
1/17/2016,SD,27
1/24/2016,SD,13
1/31/2016,SD,27.8
2/7/2016,SD,22.6
2/14/2016,SD,19.6
2/21/2016,SD,22.4
2/28/2016,SD,27.4
3/6/2016,SD,17.6
3/13/2016,SD,19.6
3/20/2016,SD,28
3/27/2016,SD,16.2
4/3/2016,SD,31.2
4/10/2016,SD,23.4
4/17/2016,SD,21.2
4/24/2016,SD,20.8
5/1/2016,SD,22.2
5/8/2016,SD,20.4
5/15/2016,SD,25.4
5/22/2016,SD,14.2
5/29/2016,SD,21.6
6/5/2016,SD,27.4
6/12/2016,SD,16.2
6/19/2016,SD,16.4
6/26/2016,SD,21.6
7/3/2016,SD,15.2
7/10/2016,SD,18.4
7/17/2016,SD,23.6
7/24/2016,SD,16
7/31/2016,SD,13.2
8/7/2016,SD,18
8/14/2016,SD,21
8/21/2016,SD,21
8/28/2016,SD,20.6
9/4/2016,SD,17.4
9/11/2016,SD,20.6
9/18/2016,SD,21.8
9/25/2016,SD,14.8
10/2/2016,SD,16.6
10/9/2016,SD,19
10/16/2016,SD,22.4
10/23/2016,SD,23
10/30/2016,SD,15.8
11/6/2016,SD,20.4
11/13/2016,SD,24.8
11/20/2016,SD,22.2
11/27/2016,SD,17.2
12/4/2016,SD,23.2
12/11/2016,SD,24.6
12/18/2016,SD,23.6
12/25/2016,SD,20.6
1/1/2017,SD,27.2
1/3/2016,TN,27.25
1/10/2016,TN,15.125
1/17/2016,TN,25.25
1/24/2016,TN,16.5
1/31/2016,TN,20
2/7/2016,TN,20.875
2/14/2016,TN,22.875
2/21/2016,TN,20.5
2/28/2016,TN,18.625
3/6/2016,TN,20.5
3/13/2016,TN,18.625
3/20/2016,TN,22.75
3/27/2016,TN,18.5
4/3/2016,TN,27.375
4/10/2016,TN,22.5
4/17/2016,TN,11.125
4/24/2016,TN,19.375
5/1/2016,TN,21.125
5/8/2016,TN,27.625
5/15/2016,TN,24.75
5/22/2016,TN,15.5
5/29/2016,TN,16.75
6/5/2016,TN,21.125
6/12/2016,TN,23.5
6/19/2016,TN,18.5
6/26/2016,TN,21.75
7/3/2016,TN,23.5
7/10/2016,TN,22.857142857142858
7/17/2016,TN,21
7/24/2016,TN,20.571428571428573
7/31/2016,TN,22.142857142857142
8/7/2016,TN,20.75
8/14/2016,TN,14.875
8/21/2016,TN,21.5
8/28/2016,TN,14
9/4/2016,TN,5.25
9/11/2016,TN,22
9/18/2016,TN,16
9/25/2016,TN,12
10/2/2016,TN,26.875
10/9/2016,TN,12
10/16/2016,TN,14
10/23/2016,TN,24.5
10/30/2016,TN,19.75
11/6/2016,TN,14.25
11/13/2016,TN,20.125
11/20/2016,TN,23.25
11/27/2016,TN,17
12/4/2016,TN,16.25
12/11/2016,TN,19
12/18/2016,TN,19.875
12/25/2016,TN,15.375
1/1/2017,TN,22.375
1/3/2016,TX,24.041666666666668
1/10/2016,TX,17.75
1/17/2016,TX,18.916666666666668
1/24/2016,TX,20.041666666666668
1/31/2016,TX,22.125
2/7/2016,TX,23.166666666666668
2/14/2016,TX,19.541666666666668
2/21/2016,TX,17.625
2/28/2016,TX,18.875
3/6/2016,TX,17.541666666666668
3/13/2016,TX,14.291666666666666
3/20/2016,TX,17.416666666666668
3/27/2016,TX,19.208333333333332
4/3/2016,TX,18.208333333333332
4/10/2016,TX,16.958333333333332
4/17/2016,TX,13.125
4/24/2016,TX,15.375
5/1/2016,TX,11.125
5/8/2016,TX,20.333333333333332
5/15/2016,TX,13.333333333333334
5/22/2016,TX,9.875
5/29/2016,TX,15.583333333333334
6/5/2016,TX,13.25
6/12/2016,TX,14.041666666666666
6/19/2016,TX,15.708333333333334
6/26/2016,TX,15.833333333333334
7/3/2016,TX,16.958333333333332
7/10/2016,TX,16.833333333333332
7/17/2016,TX,16.041666666666668
7/24/2016,TX,15.041666666666666
7/31/2016,TX,14.833333333333334
8/7/2016,TX,16.458333333333332
8/14/2016,TX,15.041666666666666
8/21/2016,TX,12.125
8/28/2016,TX,13.375
9/4/2016,TX,9.166666666666666
9/11/2016,TX,15.041666666666666
9/18/2016,TX,12.916666666666666
9/25/2016,TX,13.375
10/2/2016,TX,12.375
10/9/2016,TX,13.666666666666666
10/16/2016,TX,14.958333333333334
10/23/2016,TX,14.458333333333334
10/30/2016,TX,13.541666666666666
11/6/2016,TX,11.958333333333334
11/13/2016,TX,14.541666666666666
11/20/2016,TX,20.791666666666668
11/27/2016,TX,16.625
12/4/2016,TX,12.291666666666666
12/11/2016,TX,15.166666666666666
12/18/2016,TX,18.583333333333332
12/25/2016,TX,16.5
1/1/2017,TX,17.666666666666668
1/3/2016,UT,32
1/10/2016,UT,26
1/17/2016,UT,15
1/24/2016,UT,23
1/31/2016,UT,20
2/7/2016,UT,18
2/14/2016,UT,28
2/21/2016,UT,19
2/28/2016,UT,22
3/6/2016,UT,19
3/13/2016,UT,23
3/20/2016,UT,26
3/27/2016,UT,25
4/3/2016,UT,18
4/10/2016,UT,20
4/17/2016,UT,20
4/24/2016,UT,16
5/1/2016,UT,8
5/8/2016,UT,19
5/15/2016,UT,20
5/22/2016,UT,19
5/29/2016,UT,23
6/5/2016,UT,18
6/12/2016,UT,17
6/19/2016,UT,20
6/26/2016,UT,25
7/3/2016,UT,16
7/10/2016,UT,26
7/17/2016,UT,20
7/24/2016,UT,20
7/31/2016,UT,17
8/7/2016,UT,21
8/14/2016,UT,19
8/21/2016,UT,17
8/28/2016,UT,19
9/4/2016,UT,24
9/11/2016,UT,25
9/18/2016,UT,22
9/25/2016,UT,18
10/2/2016,UT,15
10/9/2016,UT,15
10/16/2016,UT,21
10/23/2016,UT,21
10/30/2016,UT,16
11/6/2016,UT,22
11/13/2016,UT,15
11/20/2016,UT,19
11/27/2016,UT,20
12/4/2016,UT,23
12/11/2016,UT,23
12/18/2016,UT,23
12/25/2016,UT,28
1/1/2017,UT,29
1/3/2016,VA,25.857142857142858
1/10/2016,VA,16.142857142857142
1/17/2016,VA,25
1/24/2016,VA,26.285714285714285
1/31/2016,VA,20.714285714285715
2/7/2016,VA,18.285714285714285
2/14/2016,VA,23.285714285714285
2/21/2016,VA,20.714285714285715
2/28/2016,VA,18.571428571428573
3/6/2016,VA,18.714285714285715
3/13/2016,VA,16.571428571428573
3/20/2016,VA,17.857142857142858
3/27/2016,VA,18.571428571428573
4/3/2016,VA,25
4/10/2016,VA,22.714285714285715
4/17/2016,VA,12
4/24/2016,VA,19.285714285714285
5/1/2016,VA,13.571428571428571
5/8/2016,VA,19.714285714285715
5/15/2016,VA,16.857142857142858
5/22/2016,VA,12.857142857142858
5/29/2016,VA,17.714285714285715
6/5/2016,VA,13.285714285714286
6/12/2016,VA,26.571428571428573
6/19/2016,VA,15.142857142857142
6/26/2016,VA,18.571428571428573
7/3/2016,VA,14.857142857142858
7/10/2016,VA,23.714285714285715
7/17/2016,VA,19.571428571428573
7/24/2016,VA,17.142857142857142
7/31/2016,VA,22.714285714285715
8/7/2016,VA,14
8/14/2016,VA,17.285714285714285
8/21/2016,VA,20
8/28/2016,VA,15.428571428571429
9/4/2016,VA,11.857142857142858
9/11/2016,VA,24.285714285714285
9/18/2016,VA,13.285714285714286
9/25/2016,VA,6.714285714285714
10/2/2016,VA,13.571428571428571
10/9/2016,VA,8.285714285714286
10/16/2016,VA,15.571428571428571
10/23/2016,VA,22.714285714285715
10/30/2016,VA,23.142857142857142
11/6/2016,VA,24
11/13/2016,VA,22.285714285714285
11/20/2016,VA,22.714285714285715
11/27/2016,VA,24
12/4/2016,VA,26.142857142857142
12/11/2016,VA,22.142857142857142
12/18/2016,VA,22.571428571428573
12/25/2016,VA,16.714285714285715
1/1/2017,VA,22
1/3/2016,VT,23
1/10/2016,VT,14
1/17/2016,VT,25
1/24/2016,VT,24
1/31/2016,VT,21
2/7/2016,VT,27
2/14/2016,VT,26
2/21/2016,VT,24
2/28/2016,VT,23
3/6/2016,VT,25
3/13/2016,VT,20
3/20/2016,VT,27
3/27/2016,VT,26
4/3/2016,VT,27
4/10/2016,VT,28
4/17/2016,VT,25
4/24/2016,VT,32
5/1/2016,VT,18
5/8/2016,VT,14
5/15/2016,VT,26
5/22/2016,VT,24
5/29/2016,VT,26
6/5/2016,VT,23
6/12/2016,VT,26
6/19/2016,VT,28
6/26/2016,VT,20
7/3/2016,VT,23
7/10/2016,VT,18
7/17/2016,VT,15
7/24/2016,VT,27
7/31/2016,VT,16
8/7/2016,VT,18
8/14/2016,VT,21
8/21/2016,VT,24
8/28/2016,VT,23
9/4/2016,VT,21
9/11/2016,VT,21
9/18/2016,VT,22
9/25/2016,VT,26
10/2/2016,VT,16
10/9/2016,VT,22
10/16/2016,VT,23
10/23/2016,VT,27
10/30/2016,VT,28
11/6/2016,VT,26
11/13/2016,VT,22
11/20/2016,VT,26
11/27/2016,VT,22
12/4/2016,VT,28
12/11/2016,VT,20
12/18/2016,VT,22
12/25/2016,VT,20
1/1/2017,VT,23
1/3/2016,WA,16.142857142857142
1/10/2016,WA,13
1/17/2016,WA,17.571428571428573
1/24/2016,WA,18.571428571428573
1/31/2016,WA,19.714285714285715
2/7/2016,WA,20.428571428571427
2/14/2016,WA,19.142857142857142
2/21/2016,WA,19.142857142857142
2/28/2016,WA,17.857142857142858
3/6/2016,WA,18.428571428571427
3/13/2016,WA,17.285714285714285
3/20/2016,WA,14.714285714285714
3/27/2016,WA,20.285714285714285
4/3/2016,WA,21.857142857142858
4/10/2016,WA,19.285714285714285
4/17/2016,WA,18.714285714285715
4/24/2016,WA,18.571428571428573
5/1/2016,WA,10.142857142857142
5/8/2016,WA,20.285714285714285
5/15/2016,WA,19
5/22/2016,WA,21.285714285714285
5/29/2016,WA,23.571428571428573
6/5/2016,WA,21.428571428571427
6/12/2016,WA,24.285714285714285
6/19/2016,WA,20
6/26/2016,WA,21.571428571428573
7/3/2016,WA,25.428571428571427
7/10/2016,WA,22.857142857142858
7/17/2016,WA,23
7/24/2016,WA,24.142857142857142
7/31/2016,WA,22.714285714285715
8/7/2016,WA,21.857142857142858
8/14/2016,WA,22
8/21/2016,WA,19.857142857142858
8/28/2016,WA,21.285714285714285
9/4/2016,WA,24.142857142857142
9/11/2016,WA,24.142857142857142
9/18/2016,WA,17.142857142857142
9/25/2016,WA,18.285714285714285
10/2/2016,WA,19
10/9/2016,WA,18.714285714285715
10/16/2016,WA,16.571428571428573
10/23/2016,WA,17.428571428571427
10/30/2016,WA,14.714285714285714
11/6/2016,WA,16.285714285714285
11/13/2016,WA,16.285714285714285
11/20/2016,WA,17.857142857142858
11/27/2016,WA,18.714285714285715
12/4/2016,WA,19
12/11/2016,WA,14.428571428571429
12/18/2016,WA,13.142857142857142
12/25/2016,WA,19.142857142857142
1/1/2017,WA,18.714285714285715
1/3/2016,WV,24.75
1/10/2016,WV,19.25
1/17/2016,WV,23.75
1/24/2016,WV,22.75
1/31/2016,WV,21.75
2/7/2016,WV,24.75
2/14/2016,WV,25.25
2/21/2016,WV,20.25
2/28/2016,WV,19
3/6/2016,WV,22
3/13/2016,WV,19.25
3/20/2016,WV,23.5
3/27/2016,WV,21.25
4/3/2016,WV,25.75
4/10/2016,WV,23.25
4/17/2016,WV,17
4/24/2016,WV,23
5/1/2016,WV,19
5/8/2016,WV,27
5/15/2016,WV,23.75
5/22/2016,WV,22.25
5/29/2016,WV,21.5
6/5/2016,WV,20.75
6/12/2016,WV,27.5
6/19/2016,WV,21.75
6/26/2016,WV,21
7/3/2016,WV,18.75
7/10/2016,WV,24.5
7/17/2016,WV,20.75
7/24/2016,WV,23.25
7/31/2016,WV,24.25
8/7/2016,WV,17.25
8/14/2016,WV,17.25
8/21/2016,WV,21.25
8/28/2016,WV,20.5
9/4/2016,WV,16.75
9/11/2016,WV,24.75
9/18/2016,WV,17.5
9/25/2016,WV,16
10/2/2016,WV,22.75
10/9/2016,WV,16
10/16/2016,WV,17.75
10/23/2016,WV,23.75
10/30/2016,WV,21
11/6/2016,WV,20
11/13/2016,WV,22.25
11/20/2016,WV,22.5
11/27/2016,WV,22
12/4/2016,WV,23.75
12/11/2016,WV,22.5
12/18/2016,WV,22
12/25/2016,WV,18.5
1/1/2017,WV,22.75
1/3/2016,WI,27.5
1/10/2016,WI,20
1/17/2016,WI,24.25
1/24/2016,WI,25.5
1/31/2016,WI,22
2/7/2016,WI,21.5
2/14/2016,WI,28.25
2/21/2016,WI,19.25
2/28/2016,WI,20.75
3/6/2016,WI,19.25
3/13/2016,WI,17.5
3/20/2016,WI,18.5
3/27/2016,WI,12.75
4/3/2016,WI,26.5
4/10/2016,WI,19.75
4/17/2016,WI,16.25
4/24/2016,WI,10.75
5/1/2016,WI,4
5/8/2016,WI,18.5
5/15/2016,WI,20.25
5/22/2016,WI,12
5/29/2016,WI,17.75
6/5/2016,WI,22.5
6/12/2016,WI,21.5
6/19/2016,WI,15.75
6/26/2016,WI,19
7/3/2016,WI,16
7/10/2016,WI,19.5
7/17/2016,WI,23
7/24/2016,WI,20
7/31/2016,WI,13.75
8/7/2016,WI,17.75
8/14/2016,WI,19.75
8/21/2016,WI,20.75
8/28/2016,WI,16.75
9/4/2016,WI,9.75
9/11/2016,WI,20
9/18/2016,WI,18.5
9/25/2016,WI,14.75
10/2/2016,WI,14
10/9/2016,WI,17
10/16/2016,WI,19
10/23/2016,WI,25.75
10/30/2016,WI,19.25
11/6/2016,WI,19.25
11/13/2016,WI,23.25
11/20/2016,WI,24.25
11/27/2016,WI,20
12/4/2016,WI,25.5
12/11/2016,WI,23.5
12/18/2016,WI,26
12/25/2016,WI,19.5
1/1/2017,WI,24.75
1/3/2016,WY,22.6
1/10/2016,WY,24.2
1/17/2016,WY,25.6
1/24/2016,WY,25.4
1/31/2016,WY,25
2/7/2016,WY,24.2
2/14/2016,WY,25.6
2/21/2016,WY,24.8
2/28/2016,WY,24.8
3/6/2016,WY,25.2
3/13/2016,WY,24
3/20/2016,WY,26.2
3/27/2016,WY,27
4/3/2016,WY,25.8
4/10/2016,WY,24.8
4/17/2016,WY,23.2
4/24/2016,WY,24.2
5/1/2016,WY,18.4
5/8/2016,WY,19.8
5/15/2016,WY,20.4
5/22/2016,WY,17.8
5/29/2016,WY,23.6
6/5/2016,WY,23.8
6/12/2016,WY,21.6
6/19/2016,WY,21.6
6/26/2016,WY,23.4
7/3/2016,WY,26.2
7/10/2016,WY,24.8
7/17/2016,WY,22.4
7/24/2016,WY,22
7/31/2016,WY,21.2
8/7/2016,WY,21
8/14/2016,WY,25.4
8/21/2016,WY,21.6
8/28/2016,WY,19.2
9/4/2016,WY,20.8
9/11/2016,WY,25.4
9/18/2016,WY,21.4
9/25/2016,WY,24.6
10/2/2016,WY,22.8
10/9/2016,WY,24.2
10/16/2016,WY,23.4
10/23/2016,WY,23.6
10/30/2016,WY,23.6
11/6/2016,WY,24
11/13/2016,WY,22.2
11/20/2016,WY,21.8
11/27/2016,WY,26
12/4/2016,WY,23.6
12/11/2016,WY,24.4
12/18/2016,WY,22.6
12/25/2016,WY,23.4
1/1/2017,WY,24.4
